Review_Id,Customer_Feedback
1,The app is easy to navigate and I found what I needed quickly. Really happy with the new design.
2,I tried making a payment three times but the app crashed every time. I eventually gave up on the purchase.
3,"The app works fine, but it takes a long time to load whenever I open the orders section."
4,Customer support was extremely helpful and resolved my issue within ten minutes.
5,I was charged twice for the same purchase. I have contacted support but haven't received my refund yet.
6,"The latest update looks much cleaner, but I preferred the old location of the search button."
7,The premium plan feels too expensive for the limited additional features it provides.
8,I love the new dark mode. It makes the app much more comfortable to use at night.
9,The app logged me out in the middle of placing an order and I had to start everything again.
10,My order arrived two days earlier than expected and the entire experience was smooth.
11,It would be great if you could add an option to save multiple delivery addresses.
12,The search feature often shows completely unrelated results. Finding the right product takes too much time.
13,I contacted customer support yesterday and still haven't received a response.
14,The payment went through smoothly and I received confirmation immediately.
15,The app freezes for several seconds whenever I upload a profile picture.
16,The interface is simple and easy to understand even for someone using the app for the first time.
17,My order was supposed to arrive four days ago and there is still no useful delivery update.
18,I wish there was an option to compare two products side by side before purchasing.
19,The app consumes a lot of battery compared with other apps I regularly use.
20,I received my refund within a few hours after reporting the problem. Great customer service.
21,The checkout process has too many unnecessary steps. It should be much faster to complete a purchase.
22,I keep receiving an error when trying to apply a valid discount coupon.
23,The monthly subscription price increased again. I don't think the service provides enough value at this price.
24,The recommendations have improved significantly. I'm now seeing products that are actually relevant to me.
25,Notifications are excessive. I don't need five promotional alerts every day.
26,I couldn't reset my password because the verification email never arrived.
27,The new update made the app noticeably faster. Pages now load almost instantly.
28,"My delivery arrived on time, but the tracking information was inaccurate throughout the day."
29,I would like an option to download my invoices directly from the app.
30,The app crashed after I spent ten minutes filling out a form and none of my information was saved.
31,"Support responded quickly, but their answer did not actually solve my problem."
32,The font size on some screens is too small and there doesn't seem to be any accessibility setting to increase it.
33,Everything works as expected. I haven't faced any major issues so far.
34,I accidentally made the wrong purchase and the cancellation process was surprisingly easy.
35,"The app becomes very slow during the evening, especially when opening product pages."
36,"I like the service, but I wish the free version allowed users to access a few more features."
37,My payment failed but money was still deducted from my bank account. This needs to be fixed urgently.
38,"The filters are useful, but they reset every time I return to the search results."
39,I've been using the app for six months and the recent improvements have made the overall experience much better.
40,I reported a serious login issue two days ago and customer support has still not responded.
